rank,name,singer,last_week,peak_pos,weeks_on_chart,chart_date,year,week
1,All I Want For Christmas Is You,Mariah Carey,70,70,0,2024-12-28,2024,52
2,Rockin' Around The Christmas Tree,Brenda Lee,1,63,1,2024-12-28,2024,52
3,Last Christmas,Wham!,4,44,4,2024-12-28,2024,52
4,Jingle Bell Rock,Bobby Helms,3,3,60,2024-12-28,2024,52
5,A Holly Jolly Christmas,Burl Ives,4,44,4,2024-12-28,2024,52
6,Die With A Smile,Lady Gaga & Bruno Mars,2,18,2,2024-12-28,2024,52
7,It's The Most Wonderful Time Of The Year,Andy Williams,11,5,44,2024-12-28,2024,52
8,Let It Snow! Let It Snow! Let It Snow!,Dean Martin,12,7,35,2024-12-28,2024,52
9,Santa Tell Me,Ariana Grande,14,28,14,2024-12-28,2024,52
10,Underneath The Tree,Kelly Clarkson,15,31,15,2024-12-28,2024,52
11,Luther,Kendrick Lamar & SZA,7,3,4,2024-12-28,2024,52
12,TV Off,Kendrick Lamar Featuring Lefty Gunplay,8,2,4,2024-12-28,2024,52
13,A Bar Song (Tipsy),Shaboozey,9,1,36,2024-12-28,2024,52
14,The Christmas Song (Merry Christmas To You),"Nat ""King"" Cole",16,9,48,2024-12-28,2024,52
15,It's Beginning To Look A Lot Like Christmas,Michael Buble,21,23,21,2024-12-28,2024,52
16,Feliz Navidad,Jose Feliciano,22,6,36,2024-12-28,2024,52
17,Sleigh Ride,The Ronettes,18,8,32,2024-12-28,2024,52
18,Birds Of A Feather,Billie Eilish,13,2,31,2024-12-28,2024,52
19,That's So True,Gracie Abrams,6,9,6,2024-12-28,2024,52
20,Squabble Up,Kendrick Lamar,10,1,4,2024-12-28,2024,52
21,Run Rudolph Run,Chuck Berry,28,10,25,2024-12-28,2024,52
22,APT.,ROSE & Bruno Mars,20,8,9,2024-12-28,2024,52
23,Christmas (Baby Please Come Home),Darlene Love,31,15,25,2024-12-28,2024,52
24,It's Beginning To Look A Lot Like Christmas,Perry Como And The Fontane Sisters With Mitchell Ayres And His Orchestra,27,12,26,2024-12-28,2024,52
25,Lose Control,Teddy Swims,23,1,71,2024-12-28,2024,52
26,Taste,Sabrina Carpenter,25,2,17,2024-12-28,2024,52
27,Jingle Bells,Frank Sinatra With The Orchestra & Chorus Of Gordon Jenkins,33,16,17,2024-12-28,2024,52
28,White Christmas (1947),Bing Crosby With Ken Darby Singers & John Scott Trotter & His Orchestra,32,12,38,2024-12-28,2024,52
29,I Had Some Help,Post Malone Featuring Morgan Wallen,24,1,32,2024-12-28,2024,52
30,Espresso,Sabrina Carpenter,17,3,36,2024-12-28,2024,52
31,Deck The Halls,Nat King Cole,38,16,16,2024-12-28,2024,52
32,Timeless,The Weeknd & Playboi Carti,29,3,12,2024-12-28,2024,52
33,Beautiful Things,Benson Boone,26,2,48,2024-12-28,2024,52
34,Sticky,"Tyler, The Creator Featuring GloRilla, Sexyy Red & Lil Wayne",36,10,8,2024-12-28,2024,52
35,Here Comes Santa Claus (Right Down Santa Claus Lane),Gene Autry,39,21,23,2024-12-28,2024,52
36,Blue Christmas,Elvis Presley,42,18,15,2024-12-28,2024,52
37,Santa Baby,Eartha Kitt With Henri Rene And His Orchestra,44,20,11,2024-12-28,2024,52
38,Love Somebody,Morgan Wallen,34,1,9,2024-12-28,2024,52
39,Wonderful Christmastime,Paul McCartney,46,26,15,2024-12-28,2024,52
40,"Good Luck, Babe!",Chappell Roan,35,4,37,2024-12-28,2024,52
41,Too Sweet,Hozier,30,1,39,2024-12-28,2024,52
42,Not Like Us,Kendrick Lamar,37,1,33,2024-12-28,2024,52
43,Little Saint Nick,The Beach Boys,45,25,10,2024-12-28,2024,52
44,Stargazing,Myles Smith,40,20,32,2024-12-28,2024,52
45,Whatchu Kno About Me,GloRilla & Sexyy Red,41,17,10,2024-12-28,2024,52
46,Christmastime Is Here,Vince Guaraldi Trio,48,39,6,2024-12-28,2024,52
47,Who,Jimin,43,12,22,2024-12-28,2024,52
48,Rudolph The Red-Nosed Reindeer,Gene Autry & The Pinafores,-,16,28,2024-12-28,2024,52
49,Please Come Home For Christmas,Eagles,-,18,16,2024-12-28,2024,52
50,Like It's Christmas,Jonas Brothers,-,40,8,2024-12-28,2024,52
51,High Road,Koe Wetzel & Jessie Murph,53,22,28,2024-12-28,2024,52
52,Sailor Song,Gigi Perez,51,22,18,2024-12-28,2024,52
53,I Am Not Okay,Jelly Roll,50,14,27,2024-12-28,2024,52
54,Messy,Lola Young,64,3,64,2024-12-28,2024,52
55,Bed Chem,Sabrina Carpenter,56,14,17,2024-12-28,2024,52
56,Like Him,"Tyler, The Creator Featuring Lola Young",58,29,8,2024-12-28,2024,52
57,"I Love You, I'm Sorry",Gracie Abrams,65,19,20,2024-12-28,2024,52
58,Wind Up Missin' You,Tucker Wetmore,61,40,38,2024-12-28,2024,52
59,Defying Gravity,Cynthia Erivo Featuring Ariana Grande,55,44,4,2024-12-28,2024,52
60,Hey Now,Kendrick Lamar Featuring Dody6,52,5,4,2024-12-28,2024,52
61,Tu Boda,Oscar Maydon & Fuerza Regida,62,22,9,2024-12-28,2024,52
62,Pink Pony Club,Chappell Roan,70,26,27,2024-12-28,2024,52
63,Wacced Out Murals,Kendrick Lamar,54,4,4,2024-12-28,2024,52
64,No One Noticed,The Marias,63,22,12,2024-12-28,2024,52
65,Indigo,Sam Barber Featuring Avery Anna,98,2,98,2024-12-28,2024,52
66,I Never Lie,Zach Top,73,58,13,2024-12-28,2024,52
67,Christmas Magic,Laufey,79,3,79,2024-12-28,2024,52
68,It's Ok I'm Ok,Tate McRae,71,20,14,2024-12-28,2024,52
69,Que Pasaria...,Rauw Alejandro & Bad Bunny,67,34,5,2024-12-28,2024,52
70,Dodger Blue,"Kendrick Lamar Featuring Wallie the Sensei, Siete7x & Roddy Ricch",57,11,4,2024-12-28,2024,52
71,Peekaboo,Kendrick Lamar Featuring AzChike,60,13,4,2024-12-28,2024,52
72,Empty Out Your Pockets,Juice WRLD,59,56,3,2024-12-28,2024,52
73,Popular,Ariana Grande,69,53,4,2024-12-28,2024,52
74,Liar,Jelly Roll,78,62,12,2024-12-28,2024,52
75,4x4xU,Lainey Wilson,88,6,88,2024-12-28,2024,52
76,I'm Gonna Love You,Cody Johnson & Carrie Underwood,80,42,12,2024-12-28,2024,52
77,Good News,Shaboozey,85,71,4,2024-12-28,2024,52
78,Reincarnated,Kendrick Lamar,68,8,4,2024-12-28,2024,52
79,Help Me,Real Boston Richey,81,47,22,2024-12-28,2024,52
80,Jingle Bells,Meghan Trainor,99,78,4,2024-12-28,2024,52
81,Dancing In The Flames,The Weeknd,77,14,14,2024-12-28,2024,52
82,Residuals,Chris Brown,84,59,16,2024-12-28,2024,52
83,Heart Of A Woman,Summer Walker,57,8,57,2024-12-28,2024,52
84,What Is This Feeling?,Ariana Grande & Cynthia Erivo,75,62,4,2024-12-28,2024,52
85,Rosones,Tito Double P,87,2,87,2024-12-28,2024,52
86,Gang Baby,NLE Choppa,82,82,4,2024-12-28,2024,52
87,Khe?,Rauw Alejandro & Romeo Santos,89,60,4,2024-12-28,2024,52
88,Dos Dias,Tito Double P & Peso Pluma,86,51,15,2024-12-28,2024,52
89,Think I'm In Love With You,Chris Stapleton,94,49,33,2024-12-28,2024,52
90,Heart Pt. 6,Kendrick Lamar,72,14,4,2024-12-28,2024,52
91,Close To You,Gracie Abrams,100,49,19,2024-12-28,2024,52
92,No Pole,Don Toliver,77,8,77,2024-12-28,2024,52
93,Guy For That,Post Malone Featuring Luke Combs,-,17,19,2024-12-28,2024,52
94,25,Rod Wave,97,16,10,2024-12-28,2024,52
95,Man At The Garden,Kendrick Lamar,74,9,4,2024-12-28,2024,52
96,Gloria,Kendrick Lamar & SZA,76,27,4,2024-12-28,2024,52
97,Diet Pepsi,Addison Rae,-,54,13,2024-12-28,2024,52
98,Disease,Lady Gaga,-,27,7,2024-12-28,2024,52
99,Shake Dat Ass (Twerk Song),BossMan Dlow,-,54,13,2024-12-28,2024,52
100,St. Chroma,"Tyler, The Creator Featuring Daniel Caesar",95,7,8,2024-12-28,2024,52
1,All I Want For Christmas Is You,Mariah Carey,71,71,0,2025-01-04,2025,1
2,Rockin' Around The Christmas Tree,Brenda Lee,1,64,1,2025-01-04,2025,1
3,Last Christmas,Wham!,45,45,0,2025-01-04,2025,1
4,Jingle Bell Rock,Bobby Helms,3,61,3,2025-01-04,2025,1
5,Santa Tell Me,Ariana Grande,9,29,9,2025-01-04,2025,1
6,A Holly Jolly Christmas,Burl Ives,5,4,45,2025-01-04,2025,1
7,It's The Most Wonderful Time Of The Year,Andy Williams,5,45,5,2025-01-04,2025,1
8,Let It Snow! Let It Snow! Let It Snow!,Dean Martin,7,36,7,2025-01-04,2025,1
9,Underneath The Tree,Kelly Clarkson,10,32,10,2025-01-04,2025,1
10,The Christmas Song (Merry Christmas To You),"Nat ""King"" Cole",14,9,49,2025-01-04,2025,1
11,Feliz Navidad,Jose Feliciano,16,6,37,2025-01-04,2025,1
12,It's Beginning To Look A Lot Like Christmas,Michael Buble,15,24,15,2025-01-04,2025,1
13,Sleigh Ride,The Ronettes,17,8,33,2025-01-04,2025,1
14,Run Rudolph Run,Chuck Berry,21,10,26,2025-01-04,2025,1
15,Christmas (Baby Please Come Home),Darlene Love,23,26,23,2025-01-04,2025,1
16,It's Beginning To Look A Lot Like Christmas,Perry Como And The Fontane Sisters With Mitchell Ayres And His Orchestra,24,12,27,2025-01-04,2025,1
17,Die With A Smile,Lady Gaga & Bruno Mars,6,2,19,2025-01-04,2025,1
18,Jingle Bells,Frank Sinatra With The Orchestra & Chorus Of Gordon Jenkins,27,16,27,2025-01-04,2025,1
19,White Christmas (1947),Bing Crosby With Ken Darby Singers & John Scott Trotter & His Orchestra,28,12,39,2025-01-04,2025,1
20,Deck The Halls,Nat King Cole,31,16,17,2025-01-04,2025,1
21,Blue Christmas,Elvis Presley,36,18,16,2025-01-04,2025,1
22,Santa Baby,Eartha Kitt With Henri Rene And His Orchestra,37,20,12,2025-01-04,2025,1
23,Here Comes Santa Claus (Right Down Santa Claus Lane),Gene Autry,35,21,24,2025-01-04,2025,1
24,A Bar Song (Tipsy),Shaboozey,13,1,37,2025-01-04,2025,1
25,Little Saint Nick,The Beach Boys,43,11,43,2025-01-04,2025,1
26,Wonderful Christmastime,Paul McCartney,39,16,39,2025-01-04,2025,1
27,Luther,Kendrick Lamar & SZA,11,3,5,2025-01-04,2025,1
28,Birds Of A Feather,Billie Eilish,18,2,32,2025-01-04,2025,1
29,Please Come Home For Christmas,Eagles,49,18,17,2025-01-04,2025,1
30,Rudolph The Red-Nosed Reindeer,Gene Autry & The Pinafores,48,16,29,2025-01-04,2025,1
31,Christmastime Is Here,Vince Guaraldi Trio,46,7,46,2025-01-04,2025,1
32,TV Off,Kendrick Lamar Featuring Lefty Gunplay,12,2,5,2025-01-04,2025,1
33,That's So True,Gracie Abrams,19,6,10,2025-01-04,2025,1
34,APT.,ROSE & Bruno Mars,22,8,10,2025-01-04,2025,1
35,This Christmas,Donny Hathaway,-,34,6,2025-01-04,2025,1
36,Baby It's Cold Outside,Dean Martin,-,2,-,2025-01-04,2025,1
37,Holly Jolly Christmas,Michael Buble,-,1,-,2025-01-04,2025,1
38,Merry Christmas,Ed Sheeran & Elton John,-,8,-,2025-01-04,2025,1
39,Like It's Christmas,Jonas Brothers,50,9,50,2025-01-04,2025,1
40,"You're A Mean One, Mr. Grinch",Thurl Ravenscroft,-,31,13,2025-01-04,2025,1
41,Taste,Sabrina Carpenter,26,2,18,2025-01-04,2025,1
42,Mistletoe,Justin Bieber,-,11,14,2025-01-04,2025,1
43,Snowman,Sia,-,1,-,2025-01-04,2025,1
44,Squabble Up,Kendrick Lamar,20,1,5,2025-01-04,2025,1
45,30 For 30,SZA With Kendrick Lamar,-,1,-,2025-01-04,2025,1
46,Espresso,Sabrina Carpenter,30,3,37,2025-01-04,2025,1
47,I Had Some Help,Post Malone Featuring Morgan Wallen,29,1,33,2025-01-04,2025,1
48,Winter Wonderland,Darlene Love,-,1,-,2025-01-04,2025,1
49,Happy Holiday / The Holiday Season,Andy Williams,-,18,21,2025-01-04,2025,1
50,You Make It Feel Like Christmas,Gwen Stefani Featuring Blake Shelton,-,1,-,2025-01-04,2025,1
51,Timeless,The Weeknd & Playboi Carti,32,3,13,2025-01-04,2025,1
52,Sticky,"Tyler, The Creator Featuring GloRilla, Sexyy Red & Lil Wayne",34,10,9,2025-01-04,2025,1
53,Love Somebody,Morgan Wallen,38,1,10,2025-01-04,2025,1
54,Whatchu Kno About Me,GloRilla & Sexyy Red,45,17,11,2025-01-04,2025,1
55,BMF,SZA,-,1,-,2025-01-04,2025,1
56,Christmas Magic,Laufey,67,4,67,2025-01-04,2025,1
57,High Road,Koe Wetzel & Jessie Murph,51,22,29,2025-01-04,2025,1
58,Sailor Song,Gigi Perez,52,22,19,2025-01-04,2025,1
59,Drive,SZA,-,1,-,2025-01-04,2025,1
60,Bed Chem,Sabrina Carpenter,55,14,18,2025-01-04,2025,1
61,Messy,Lola Young,54,54,4,2025-01-04,2025,1
62,Diamond Boy (DTM),SZA,-,1,-,2025-01-04,2025,1
63,Scorsese Baby Daddy,SZA,-,1,-,2025-01-04,2025,1
64,What Do I Do,SZA,-,1,-,2025-01-04,2025,1
65,Wind Up Missin' You,Tucker Wetmore,58,40,39,2025-01-04,2025,1
66,Like Him,"Tyler, The Creator Featuring Lola Young",56,29,9,2025-01-04,2025,1
67,Pink Pony Club,Chappell Roan,62,26,28,2025-01-04,2025,1
68,Tu Boda,Oscar Maydon & Fuerza Regida,61,22,10,2025-01-04,2025,1
69,No More Hiding,SZA,-,1,-,2025-01-04,2025,1
70,Crybaby,SZA,-,1,-,2025-01-04,2025,1
71,Kitchen,SZA,-,1,-,2025-01-04,2025,1
72,I Never Lie,Zach Top,66,58,14,2025-01-04,2025,1
73,Another Life,SZA,-,1,-,2025-01-04,2025,1
74,No One Noticed,The Marias,64,22,13,2025-01-04,2025,1
75,Defying Gravity,Cynthia Erivo Featuring Ariana Grande,59,44,5,2025-01-04,2025,1
76,It's Ok I'm Ok,Tate McRae,68,20,15,2025-01-04,2025,1
77,Indigo,Sam Barber Featuring Avery Anna,65,65,3,2025-01-04,2025,1
78,Run Rudolph Run,Mark Ambor,-,1,-,2025-01-04,2025,1
79,Love Me 4 Me,SZA,-,1,-,2025-01-04,2025,1
80,Chill Baby,SZA,-,1,-,2025-01-04,2025,1
81,My Turn,SZA,-,1,-,2025-01-04,2025,1
82,Hey Now,Kendrick Lamar Featuring Dody6,60,5,5,2025-01-04,2025,1
83,Que Pasaria...,Rauw Alejandro & Bad Bunny,69,34,6,2025-01-04,2025,1
84,Liar,Jelly Roll,74,62,13,2025-01-04,2025,1
85,Residuals,Chris Brown,82,59,17,2025-01-04,2025,1
86,Help Me,Real Boston Richey,79,47,23,2025-01-04,2025,1
87,I'm Gonna Love You,Cody Johnson & Carrie Underwood,76,42,13,2025-01-04,2025,1
88,Holiday Road,Kesha,-,1,-,2025-01-04,2025,1
89,Santa Baby,Laufey,-,1,-,2025-01-04,2025,1
90,Wacced Out Murals,Kendrick Lamar,63,4,5,2025-01-04,2025,1
91,Dancing In The Flames,The Weeknd,81,14,15,2025-01-04,2025,1
92,Empty Out Your Pockets,Juice WRLD,72,56,4,2025-01-04,2025,1
93,Heart Of A Woman,Summer Walker,83,57,9,2025-01-04,2025,1
94,4x4xU,Lainey Wilson,75,75,7,2025-01-04,2025,1
95,Good News,Shaboozey,77,71,5,2025-01-04,2025,1
96,Dos Dias,Tito Double P & Peso Pluma,88,51,16,2025-01-04,2025,1
97,25,Rod Wave,94,16,11,2025-01-04,2025,1
98,Popular,Ariana Grande,73,53,5,2025-01-04,2025,1
99,Think I'm In Love With You,Chris Stapleton,89,49,34,2025-01-04,2025,1
100,Peekaboo,Kendrick Lamar Featuring AzChike,71,13,5,2025-01-04,2025,1
1,Die With A Smile,Lady Gaga & Bruno Mars,17,20,17,2025-01-11,2025,2
2,A Bar Song (Tipsy),Shaboozey,24,1,38,2025-01-11,2025,2
3,Birds Of A Feather,Billie Eilish,28,2,33,2025-01-11,2025,2
4,Lose Control,Teddy Swims,-,1,72,2025-01-11,2025,2
5,APT.,ROSE & Bruno Mars,34,11,34,2025-01-11,2025,2
6,That's So True,Gracie Abrams,33,11,33,2025-01-11,2025,2
7,Luther,Kendrick Lamar & SZA,27,3,6,2025-01-11,2025,2
8,I Had Some Help,Post Malone Featuring Morgan Wallen,47,1,34,2025-01-11,2025,2
9,Espresso,Sabrina Carpenter,46,3,38,2025-01-11,2025,2
10,Taste,Sabrina Carpenter,41,2,19,2025-01-11,2025,2
11,TV Off,Kendrick Lamar Featuring Lefty Gunplay,32,2,6,2025-01-11,2025,2
12,Beautiful Things,Benson Boone,-,2,49,2025-01-11,2025,2
13,Love Somebody,Morgan Wallen,53,1,11,2025-01-11,2025,2
14,Too Sweet,Hozier,-,1,40,2025-01-11,2025,2
15,Timeless,The Weeknd & Playboi Carti,51,3,14,2025-01-11,2025,2
16,Squabble Up,Kendrick Lamar,44,1,6,2025-01-11,2025,2
17,"Good Luck, Babe!",Chappell Roan,-,4,38,2025-01-11,2025,2
18,Sticky,"Tyler, The Creator Featuring GloRilla, Sexyy Red & Lil Wayne",52,10,10,2025-01-11,2025,2
19,Stargazing,Myles Smith,-,33,-,2025-01-11,2025,2
20,Not Like Us,Kendrick Lamar,-,1,34,2025-01-11,2025,2
21,Whatchu Kno About Me,GloRilla & Sexyy Red,54,17,12,2025-01-11,2025,2
22,30 For 30,SZA With Kendrick Lamar,45,2,45,2025-01-11,2025,2
23,High Road,Koe Wetzel & Jessie Murph,57,22,30,2025-01-11,2025,2
24,Who,Jimin,-,12,23,2025-01-11,2025,2
25,Messy,Lola Young,61,5,61,2025-01-11,2025,2
26,Please Please Please,Sabrina Carpenter,-,1,28,2025-01-11,2025,2
27,Smile,Morgan Wallen,-,1,-,2025-01-11,2025,2
28,I Am Not Okay,Jelly Roll,-,14,-,2025-01-11,2025,2
29,BMF,SZA,55,2,55,2025-01-11,2025,2
30,Million Dollar Baby,Tommy Richman,-,2,32,2025-01-11,2025,2
31,Wind Up Missin' You,Tucker Wetmore,65,40,65,2025-01-11,2025,2
32,Bed Chem,Sabrina Carpenter,60,14,19,2025-01-11,2025,2
33,Sailor Song,Gigi Perez,58,22,20,2025-01-11,2025,2
34,Lies Lies Lies,Morgan Wallen,-,7,22,2025-01-11,2025,2
35,Wildflower,Billie Eilish,-,17,29,2025-01-11,2025,2
36,Pink Pony Club,Chappell Roan,67,26,29,2025-01-11,2025,2
37,Like Him,"Tyler, The Creator Featuring Lola Young",66,29,10,2025-01-11,2025,2
38,I Never Lie,Zach Top,72,15,72,2025-01-11,2025,2
39,Liar,Jelly Roll,84,14,84,2025-01-11,2025,2
40,I'm Gonna Love You,Cody Johnson & Carrie Underwood,87,14,87,2025-01-11,2025,2
41,Scorsese Baby Daddy,SZA,63,2,63,2025-01-11,2025,2
42,Tu Boda,Oscar Maydon & Fuerza Regida,68,22,11,2025-01-11,2025,2
43,"I Love You, I'm Sorry",Gracie Abrams,-,19,21,2025-01-11,2025,2
44,It's Ok I'm Ok,Tate McRae,76,20,16,2025-01-11,2025,2
45,4x4xU,Lainey Wilson,94,8,94,2025-01-11,2025,2
46,No One Noticed,The Marias,74,22,14,2025-01-11,2025,2
47,Good News,Shaboozey,95,6,95,2025-01-11,2025,2
48,Indigo,Sam Barber Featuring Avery Anna,77,4,77,2025-01-11,2025,2
49,Defying Gravity,Cynthia Erivo Featuring Ariana Grande,75,44,6,2025-01-11,2025,2
50,Loco,Neton Vega,-,1,-,2025-01-11,2025,2
51,Drive,SZA,59,2,59,2025-01-11,2025,2
52,Que Pasaria...,Rauw Alejandro & Bad Bunny,83,34,7,2025-01-11,2025,2
53,Think I'm In Love With You,Chris Stapleton,99,49,35,2025-01-11,2025,2
54,Guy For That,Post Malone Featuring Luke Combs,-,17,20,2025-01-11,2025,2
55,Dancing In The Flames,The Weeknd,91,14,16,2025-01-11,2025,2
56,Hey Now,Kendrick Lamar Featuring Dody6,82,5,6,2025-01-11,2025,2
57,Help Me,Real Boston Richey,86,47,24,2025-01-11,2025,2
58,Residuals,Chris Brown,85,18,85,2025-01-11,2025,2
59,Am I Okay?,Megan Moroney,-,17,-,2025-01-11,2025,2
60,Diamond Boy (DTM),SZA,62,2,62,2025-01-11,2025,2
61,I Ain't Sayin',Jordan Davis,-,2,-,2025-01-11,2025,2
62,What Do I Do,SZA,64,2,64,2025-01-11,2025,2
63,Heart Of A Woman,Summer Walker,93,57,10,2025-01-11,2025,2
64,Another Life,SZA,73,2,73,2025-01-11,2025,2
65,Bad Dreams,Teddy Swims,-,5,-,2025-01-11,2025,2
66,No Pole,Don Toliver,-,9,-,2025-01-11,2025,2
67,Empty Out Your Pockets,Juice WRLD,92,56,5,2025-01-11,2025,2
68,Dos Dias,Tito Double P & Peso Pluma,96,51,17,2025-01-11,2025,2
69,Close To You,Gracie Abrams,-,49,20,2025-01-11,2025,2
70,Popular,Ariana Grande,98,53,6,2025-01-11,2025,2
71,Crybaby,SZA,70,70,2,2025-01-11,2025,2
72,Wacced Out Murals,Kendrick Lamar,90,4,6,2025-01-11,2025,2
73,Diet Pepsi,Addison Rae,-,54,14,2025-01-11,2025,2
74,Apple,Charli xcx,-,51,20,2025-01-11,2025,2
75,Boys Back Home,Dylan Marlowe & Dylan Scott,-,1,-,2025-01-11,2025,2
76,25,Rod Wave,97,16,12,2025-01-11,2025,2
77,Kitchen,SZA,71,71,2,2025-01-11,2025,2
78,Peekaboo,Kendrick Lamar Featuring AzChike,100,13,6,2025-01-11,2025,2
79,Burning Down,Alex Warren,-,69,5,2025-01-11,2025,2
80,Disease,Lady Gaga,-,27,8,2025-01-11,2025,2
81,Shake Dat Ass (Twerk Song),BossMan Dlow,-,54,14,2025-01-11,2025,2
82,Gang Baby,NLE Choppa,-,5,-,2025-01-11,2025,2
83,Khe?,Rauw Alejandro & Romeo Santos,-,60,5,2025-01-11,2025,2
84,Brokey,Latto,-,4,-,2025-01-11,2025,2
85,Rosones,Tito Double P,-,3,-,2025-01-11,2025,2
86,Juno,Sabrina Carpenter,-,22,16,2025-01-11,2025,2
87,Nadie,Tito Double P,-,1,-,2025-01-11,2025,2
88,What Is This Feeling?,Ariana Grande & Cynthia Erivo,-,62,5,2025-01-11,2025,2
89,El Club,Bad Bunny,-,66,2,2025-01-11,2025,2
90,Dodger Blue,"Kendrick Lamar Featuring Wallie the Sensei, Siete7x & Roddy Ricch",-,11,5,2025-01-11,2025,2
91,Pitorro de Coco,Bad Bunny,-,1,-,2025-01-11,2025,2
92,The Largest,BigXthaPlug,-,2,-,2025-01-11,2025,2
93,Wondering Why,The Red Clay Strays,-,71,18,2025-01-11,2025,2
94,Ends Of The Earth,Ty Myers,-,1,-,2025-01-11,2025,2
95,Chill Baby,SZA,80,80,2,2025-01-11,2025,2
96,Holy Smokes,Bailey Zimmerman,-,54,7,2025-01-11,2025,2
97,High Road,Zach Bryan,-,29,5,2025-01-11,2025,2
98,On One Tonight,Gunna,-,54,7,2025-01-11,2025,2
99,St. Chroma,"Tyler, The Creator Featuring Daniel Caesar",-,7,9,2025-01-11,2025,2
100,Cowboy Songs,George Birge,-,1,-,2025-01-11,2025,2
1,Die With A Smile,Lady Gaga & Bruno Mars,21,21,0,2025-01-18,2025,3
2,A Bar Song (Tipsy),Shaboozey,1,39,1,2025-01-18,2025,3
3,Birds Of A Feather,Billie Eilish,2,34,2,2025-01-18,2025,3
4,Smile,Morgan Wallen,27,2,27,2025-01-18,2025,3
5,APT.,ROSE & Bruno Mars,12,12,0,2025-01-18,2025,3
6,Lose Control,Teddy Swims,4,1,73,2025-01-18,2025,3
7,Luther,Kendrick Lamar & SZA,3,3,0,2025-01-18,2025,3
8,That's So True,Gracie Abrams,6,6,12,2025-01-18,2025,3
9,I Had Some Help,Post Malone Featuring Morgan Wallen,8,1,35,2025-01-18,2025,3
10,Espresso,Sabrina Carpenter,9,3,39,2025-01-18,2025,3
11,TV Off,Kendrick Lamar Featuring Lefty Gunplay,2,7,2,2025-01-18,2025,3
12,Taste,Sabrina Carpenter,10,2,20,2025-01-18,2025,3
13,Love Somebody,Morgan Wallen,1,12,1,2025-01-18,2025,3
14,Beautiful Things,Benson Boone,12,2,50,2025-01-18,2025,3
15,Timeless,The Weeknd & Playboi Carti,3,3,0,2025-01-18,2025,3
16,"Dum, Dumb, And Dumber","Lil Baby, Young Thug & Future",-,1,-,2025-01-18,2025,3
17,Too Sweet,Hozier,14,1,41,2025-01-18,2025,3
18,Sticky,"Tyler, The Creator Featuring GloRilla, Sexyy Red & Lil Wayne",10,11,10,2025-01-18,2025,3
19,Squabble Up,Kendrick Lamar,16,1,7,2025-01-18,2025,3
20,Stargazing,Myles Smith,19,19,34,2025-01-18,2025,3
21,"Good Luck, Babe!",Chappell Roan,17,4,39,2025-01-18,2025,3
22,30 For 30,SZA With Kendrick Lamar,3,3,0,2025-01-18,2025,3
23,Not Like Us,Kendrick Lamar,20,1,35,2025-01-18,2025,3
24,Messy,Lola Young,25,6,25,2025-01-18,2025,3
25,High Road,Koe Wetzel & Jessie Murph,23,22,31,2025-01-18,2025,3
26,Whatchu Kno About Me,GloRilla & Sexyy Red,21,17,13,2025-01-18,2025,3
27,Nuevayol,Bad Bunny,-,1,-,2025-01-18,2025,3
28,Baile Inolvidable,Bad Bunny,-,1,-,2025-01-18,2025,3
29,Tweaker,GELO,-,1,-,2025-01-18,2025,3
30,Sailor Song,Gigi Perez,33,22,21,2025-01-18,2025,3
31,Wind Up Missin' You,Tucker Wetmore,41,41,0,2025-01-18,2025,3
32,Please Please Please,Sabrina Carpenter,26,1,29,2025-01-18,2025,3
33,I Am Not Okay,Jelly Roll,28,14,29,2025-01-18,2025,3
34,BMF,SZA,29,29,3,2025-01-18,2025,3
35,Bed Chem,Sabrina Carpenter,32,14,20,2025-01-18,2025,3
36,Voy A Llevarte Pa PR,Bad Bunny,-,1,-,2025-01-18,2025,3
37,El Club,Bad Bunny,89,3,89,2025-01-18,2025,3
38,DTMF,Bad Bunny,-,1,-,2025-01-18,2025,3
39,Who,Jimin,24,12,24,2025-01-18,2025,3
40,Million Dollar Baby,Tommy Richman,30,2,33,2025-01-18,2025,3
41,Wildflower,Billie Eilish,35,17,30,2025-01-18,2025,3
42,Lies Lies Lies,Morgan Wallen,34,7,23,2025-01-18,2025,3
43,Velda,"Bad Bunny, Omar Courtz & Dei V",-,1,-,2025-01-18,2025,3
44,By Myself,Lil Baby & Rylo Rodriguez Featuring Rod Wave,-,1,-,2025-01-18,2025,3
45,Perfumito Nuevo,Bad Bunny & RaiNao,-,1,-,2025-01-18,2025,3
46,Like Him,"Tyler, The Creator Featuring Lola Young",37,29,11,2025-01-18,2025,3
47,Pink Pony Club,Chappell Roan,36,26,30,2025-01-18,2025,3
48,No One Noticed,The Marias,46,22,15,2025-01-18,2025,3
49,Liar,Jelly Roll,39,39,15,2025-01-18,2025,3
50,Outfit,Lil Baby & 21 Savage,-,1,-,2025-01-18,2025,3
51,Stuff,Lil Baby Featuring Travis Scott,-,1,-,2025-01-18,2025,3
52,Weltita,Bad Bunny & Chuwi,-,1,-,2025-01-18,2025,3
53,Redbone,Lil Baby & GloRilla,-,1,-,2025-01-18,2025,3
54,EOO,Bad Bunny,-,1,-,2025-01-18,2025,3
55,I Never Lie,Zach Top,38,38,16,2025-01-18,2025,3
56,I'm Gonna Love You,Cody Johnson & Carrie Underwood,40,40,15,2025-01-18,2025,3
57,F U 2x,Lil Baby,-,1,-,2025-01-18,2025,3
58,4x4xU,Lainey Wilson,45,45,9,2025-01-18,2025,3
59,Ketu Tecre,Bad Bunny,-,1,-,2025-01-18,2025,3
60,Pitorro de Coco,Bad Bunny,91,2,91,2025-01-18,2025,3
61,Indigo,Sam Barber Featuring Avery Anna,48,48,5,2025-01-18,2025,3
62,Loco,Neton Vega,50,50,2,2025-01-18,2025,3
63,It's Ok I'm Ok,Tate McRae,44,20,17,2025-01-18,2025,3
64,Good News,Shaboozey,47,47,7,2025-01-18,2025,3
65,Listen Up,Lil Baby,-,1,-,2025-01-18,2025,3
66,Kloufrens,Bad Bunny,-,1,-,2025-01-18,2025,3
67,Defying Gravity,Cynthia Erivo Featuring Ariana Grande,49,44,7,2025-01-18,2025,3
68,Tu Boda,Oscar Maydon & Fuerza Regida,42,22,12,2025-01-18,2025,3
69,Bokete,Bad Bunny,-,1,-,2025-01-18,2025,3
70,Scorsese Baby Daddy,SZA,41,41,3,2025-01-18,2025,3
71,I Promise,Lil Baby,-,1,-,2025-01-18,2025,3
72,Que Pasaria...,Rauw Alejandro & Bad Bunny,52,34,8,2025-01-18,2025,3
73,Due 4A Win,Lil Baby,-,1,-,2025-01-18,2025,3
74,So Sorry,Lil Baby,-,1,-,2025-01-18,2025,3
75,Think I'm In Love With You,Chris Stapleton,53,49,36,2025-01-18,2025,3
76,Denial Is A River,Doechii,-,1,-,2025-01-18,2025,3
77,Turista,Bad Bunny,-,1,-,2025-01-18,2025,3
78,Guy For That,Post Malone Featuring Luke Combs,54,17,21,2025-01-18,2025,3
79,Residuals,Chris Brown,58,58,19,2025-01-18,2025,3
80,No Pole,Don Toliver,66,66,10,2025-01-18,2025,3
81,I Ain't Sayin',Jordan Davis,61,61,3,2025-01-18,2025,3
82,Am I Okay?,Megan Moroney,59,59,18,2025-01-18,2025,3
83,Cafe Con Ron,Bad Bunny & Los Pleneros de La Cresta,-,1,-,2025-01-18,2025,3
84,Help Me,Real Boston Richey,57,47,25,2025-01-18,2025,3
85,Bad Dreams,Teddy Swims,65,65,6,2025-01-18,2025,3
86,Stiff Gang,Lil Baby,-,1,-,2025-01-18,2025,3
87,Dancing In The Flames,The Weeknd,55,14,17,2025-01-18,2025,3
88,Boys Back Home,Dylan Marlowe & Dylan Scott,75,75,2,2025-01-18,2025,3
89,Heart Of A Woman,Summer Walker,63,57,11,2025-01-18,2025,3
90,Peekaboo,Kendrick Lamar Featuring AzChike,78,13,7,2025-01-18,2025,3
91,Drive,SZA,51,51,3,2025-01-18,2025,3
92,Popular,Ariana Grande,70,53,7,2025-01-18,2025,3
93,Hey Now,Kendrick Lamar Featuring Dody6,56,5,7,2025-01-18,2025,3
94,Lo Que Le Paso A Hawaii,Bad Bunny,-,1,-,2025-01-18,2025,3
95,La Mudanza,Bad Bunny,-,1,-,2025-01-18,2025,3
96,Close To You,Gracie Abrams,69,49,21,2025-01-18,2025,3
97,Diet Pepsi,Addison Rae,73,54,15,2025-01-18,2025,3
98,Burning Down,Alex Warren,79,69,6,2025-01-18,2025,3
99,Free Promo,Lil Baby,-,1,-,2025-01-18,2025,3
100,Dos Dias,Tito Double P & Peso Pluma,68,51,18,2025-01-18,2025,3
1,Die With A Smile,Lady Gaga & Bruno Mars,22,22,0,2025-01-25,2025,4
2,DTMF,Bad Bunny,38,38,0,2025-01-25,2025,4
3,Baile Inolvidable,Bad Bunny,28,2,28,2025-01-25,2025,4
4,A Bar Song (Tipsy),Shaboozey,2,1,40,2025-01-25,2025,4
5,APT.,ROSE & Bruno Mars,13,13,0,2025-01-25,2025,4
6,Luther,Kendrick Lamar & SZA,7,3,8,2025-01-25,2025,4
7,Birds Of A Feather,Billie Eilish,3,2,35,2025-01-25,2025,4
8,Nuevayol,Bad Bunny,27,2,27,2025-01-25,2025,4
9,Lose Control,Teddy Swims,6,1,74,2025-01-25,2025,4
10,That's So True,Gracie Abrams,8,6,13,2025-01-25,2025,4
11,I Had Some Help,Post Malone Featuring Morgan Wallen,9,1,36,2025-01-25,2025,4
12,Taste,Sabrina Carpenter,2,21,2,2025-01-25,2025,4
13,Espresso,Sabrina Carpenter,10,3,40,2025-01-25,2025,4
14,Love Somebody,Morgan Wallen,13,1,13,2025-01-25,2025,4
15,TV Off,Kendrick Lamar Featuring Lefty Gunplay,11,2,8,2025-01-25,2025,4
16,Smile,Morgan Wallen,4,4,3,2025-01-25,2025,4
17,Voy A Llevarte Pa PR,Bad Bunny,36,2,36,2025-01-25,2025,4
18,Beautiful Things,Benson Boone,14,2,51,2025-01-25,2025,4
19,Timeless,The Weeknd & Playboi Carti,15,3,16,2025-01-25,2025,4
20,Squabble Up,Kendrick Lamar,19,1,8,2025-01-25,2025,4
21,Sticky,"Tyler, The Creator Featuring GloRilla, Sexyy Red & Lil Wayne",18,10,12,2025-01-25,2025,4
22,Too Sweet,Hozier,17,1,42,2025-01-25,2025,4
23,Velda,"Bad Bunny, Omar Courtz & Dei V",43,2,43,2025-01-25,2025,4
24,EOO,Bad Bunny,54,2,54,2025-01-25,2025,4
25,Stargazing,Myles Smith,20,19,35,2025-01-25,2025,4
26,30 For 30,SZA With Kendrick Lamar,22,22,4,2025-01-25,2025,4
27,El Club,Bad Bunny,37,4,37,2025-01-25,2025,4
28,"Good Luck, Babe!",Chappell Roan,21,4,40,2025-01-25,2025,4
29,Messy,Lola Young,24,24,7,2025-01-25,2025,4
30,Tweaker,GELO,29,29,2,2025-01-25,2025,4
31,Perfumito Nuevo,Bad Bunny & RaiNao,45,2,45,2025-01-25,2025,4
32,Weltita,Bad Bunny & Chuwi,52,2,52,2025-01-25,2025,4
33,Not Like Us,Kendrick Lamar,23,1,36,2025-01-25,2025,4
34,High Road,Koe Wetzel & Jessie Murph,25,22,32,2025-01-25,2025,4
35,BMF,SZA,34,29,4,2025-01-25,2025,4
36,Bed Chem,Sabrina Carpenter,35,14,21,2025-01-25,2025,4
37,Whatchu Kno About Me,GloRilla & Sexyy Red,26,17,14,2025-01-25,2025,4
38,Ketu Tecre,Bad Bunny,59,2,59,2025-01-25,2025,4
39,Sailor Song,Gigi Perez,30,22,22,2025-01-25,2025,4
40,Kloufrens,Bad Bunny,66,2,66,2025-01-25,2025,4
41,Who,Jimin,39,12,25,2025-01-25,2025,4
42,Bokete,Bad Bunny,69,2,69,2025-01-25,2025,4
43,I Am Not Okay,Jelly Roll,33,14,30,2025-01-25,2025,4
44,Wind Up Missin' You,Tucker Wetmore,31,31,42,2025-01-25,2025,4
45,Turista,Bad Bunny,77,2,77,2025-01-25,2025,4
46,No One Noticed,The Marias,48,22,16,2025-01-25,2025,4
47,Please Please Please,Sabrina Carpenter,32,1,30,2025-01-25,2025,4
48,Cafe Con Ron,Bad Bunny & Los Pleneros de La Cresta,83,2,83,2025-01-25,2025,4
49,Wildflower,Billie Eilish,41,17,31,2025-01-25,2025,4
50,Pitorro de Coco,Bad Bunny,60,3,60,2025-01-25,2025,4
51,La Mudanza,Bad Bunny,95,2,95,2025-01-25,2025,4
52,Liar,Jelly Roll,49,39,16,2025-01-25,2025,4
53,I Never Lie,Zach Top,55,38,17,2025-01-25,2025,4
54,Like Him,"Tyler, The Creator Featuring Lola Young",46,29,12,2025-01-25,2025,4
55,Pink Pony Club,Chappell Roan,47,26,31,2025-01-25,2025,4
56,Loco,Neton Vega,62,50,3,2025-01-25,2025,4
57,Que Pasaria...,Rauw Alejandro & Bad Bunny,72,34,9,2025-01-25,2025,4
58,Indigo,Sam Barber Featuring Avery Anna,61,48,6,2025-01-25,2025,4
59,Are You Even Real,Teddy Swims & GIVEON,-,1,-,2025-01-25,2025,4
60,I'm Gonna Love You,Cody Johnson & Carrie Underwood,56,40,16,2025-01-25,2025,4
61,"Dum, Dumb, And Dumber","Lil Baby, Young Thug & Future",16,16,2,2025-01-25,2025,4
62,Lo Que Le Paso A Hawaii,Bad Bunny,94,2,94,2025-01-25,2025,4
63,4x4xU,Lainey Wilson,58,45,10,2025-01-25,2025,4
64,Bad Dreams,Teddy Swims,85,7,85,2025-01-25,2025,4
65,Denial Is A River,Doechii,76,2,76,2025-01-25,2025,4
66,Tu Boda,Oscar Maydon & Fuerza Regida,68,22,13,2025-01-25,2025,4
67,Good News,Shaboozey,64,47,8,2025-01-25,2025,4
68,Think I'm In Love With You,Chris Stapleton,75,49,37,2025-01-25,2025,4
69,Guy For That,Post Malone Featuring Luke Combs,78,17,22,2025-01-25,2025,4
70,I Ain't Sayin',Jordan Davis,81,61,4,2025-01-25,2025,4
71,Defying Gravity,Cynthia Erivo Featuring Ariana Grande,67,44,8,2025-01-25,2025,4
72,No Pole,Don Toliver,80,66,11,2025-01-25,2025,4
73,It's Ok I'm Ok,Tate McRae,63,20,18,2025-01-25,2025,4
74,Am I Okay?,Megan Moroney,82,59,19,2025-01-25,2025,4
75,Scorsese Baby Daddy,SZA,70,41,4,2025-01-25,2025,4
76,Residuals,Chris Brown,79,58,20,2025-01-25,2025,4
77,Heart Of A Woman,Summer Walker,89,57,12,2025-01-25,2025,4
78,Help Me,Real Boston Richey,84,47,26,2025-01-25,2025,4
79,Peekaboo,Kendrick Lamar Featuring AzChike,90,13,8,2025-01-25,2025,4
80,Diet Pepsi,Addison Rae,97,54,16,2025-01-25,2025,4
81,Popular,Ariana Grande,92,53,8,2025-01-25,2025,4
82,Boys Back Home,Dylan Marlowe & Dylan Scott,88,75,3,2025-01-25,2025,4
83,Stuff,Lil Baby Featuring Travis Scott,51,51,2,2025-01-25,2025,4
84,Rosones,Tito Double P,-,4,-,2025-01-25,2025,4
85,Nadie,Tito Double P,-,2,-,2025-01-25,2025,4
86,Khe?,Rauw Alejandro & Romeo Santos,-,60,6,2025-01-25,2025,4
87,Dos Dias,Tito Double P & Peso Pluma,100,51,19,2025-01-25,2025,4
88,Hey Now,Kendrick Lamar Featuring Dody6,93,5,8,2025-01-25,2025,4
89,By Myself,Lil Baby & Rylo Rodriguez Featuring Rod Wave,44,44,2,2025-01-25,2025,4
90,Burning Down,Alex Warren,98,69,7,2025-01-25,2025,4
91,Bigger Houses,Dan + Shay,-,1,-,2025-01-25,2025,4
92,The Largest,BigXthaPlug,-,3,-,2025-01-25,2025,4
93,Drive,SZA,91,51,4,2025-01-25,2025,4
94,F U 2x,Lil Baby,57,57,2,2025-01-25,2025,4
95,25,Rod Wave,-,16,13,2025-01-25,2025,4
96,Dancing In The Flames,The Weeknd,87,14,18,2025-01-25,2025,4
97,The Days,CHRYSTAL,-,1,-,2025-01-25,2025,4
98,Outfit,Lil Baby & 21 Savage,50,50,2,2025-01-25,2025,4
99,Forever Young,"David Guetta, Alphaville & Ava Max",-,1,-,2025-01-25,2025,4
100,Headlock,Imogen Heap,-,1,-,2025-01-25,2025,4
1,Die With A Smile,Lady Gaga & Bruno Mars,23,23,0,2025-02-01,2025,5
2,DTMF,Bad Bunny,3,3,0,2025-02-01,2025,5
3,APT.,ROSE & Bruno Mars,5,14,5,2025-02-01,2025,5
4,A Bar Song (Tipsy),Shaboozey,1,41,1,2025-02-01,2025,5
5,Luther,Kendrick Lamar & SZA,6,3,9,2025-02-01,2025,5
6,Birds Of A Feather,Billie Eilish,7,2,36,2025-02-01,2025,5
7,Lose Control,Teddy Swims,9,1,75,2025-02-01,2025,5
8,That's So True,Gracie Abrams,10,6,14,2025-02-01,2025,5
9,Baile Inolvidable,Bad Bunny,3,3,3,2025-02-01,2025,5
10,Love Somebody,Morgan Wallen,14,1,14,2025-02-01,2025,5
11,Espresso,Sabrina Carpenter,13,3,41,2025-02-01,2025,5
12,I Had Some Help,Post Malone Featuring Morgan Wallen,11,1,37,2025-02-01,2025,5
13,TV Off,Kendrick Lamar Featuring Lefty Gunplay,15,2,9,2025-02-01,2025,5
14,Taste,Sabrina Carpenter,12,2,22,2025-02-01,2025,5
15,Nuevayol,Bad Bunny,8,8,3,2025-02-01,2025,5
16,Beautiful Things,Benson Boone,18,2,52,2025-02-01,2025,5
17,Timeless,The Weeknd & Playboi Carti,19,3,19,2025-02-01,2025,5
18,Smile,Morgan Wallen,16,4,4,2025-02-01,2025,5
19,Sticky,"Tyler, The Creator Featuring GloRilla, Sexyy Red & Lil Wayne",21,10,13,2025-02-01,2025,5
20,Too Sweet,Hozier,22,1,43,2025-02-01,2025,5
21,Squabble Up,Kendrick Lamar,20,1,9,2025-02-01,2025,5
22,Stargazing,Myles Smith,25,19,36,2025-02-01,2025,5
23,30 For 30,SZA With Kendrick Lamar,26,22,5,2025-02-01,2025,5
24,Messy,Lola Young,29,8,29,2025-02-01,2025,5
25,Who,Jimin,41,12,26,2025-02-01,2025,5
26,Voy A Llevarte Pa PR,Bad Bunny,17,17,3,2025-02-01,2025,5
27,"Good Luck, Babe!",Chappell Roan,28,4,41,2025-02-01,2025,5
28,High Road,Koe Wetzel & Jessie Murph,34,22,33,2025-02-01,2025,5
29,Not Like Us,Kendrick Lamar,33,1,37,2025-02-01,2025,5
30,EOO,Bad Bunny,24,24,3,2025-02-01,2025,5
31,BMF,SZA,35,29,5,2025-02-01,2025,5
32,Whatchu Kno About Me,GloRilla & Sexyy Red,37,17,15,2025-02-01,2025,5
33,Sailor Song,Gigi Perez,39,22,23,2025-02-01,2025,5
34,Velda,"Bad Bunny, Omar Courtz & Dei V",23,23,3,2025-02-01,2025,5
35,Bed Chem,Sabrina Carpenter,36,14,22,2025-02-01,2025,5
36,El Club,Bad Bunny,27,27,5,2025-02-01,2025,5
37,No One Noticed,The Marias,46,22,17,2025-02-01,2025,5
38,Tweaker,GELO,30,29,3,2025-02-01,2025,5
39,Weltita,Bad Bunny & Chuwi,32,32,3,2025-02-01,2025,5
40,I Am Not Okay,Jelly Roll,43,14,31,2025-02-01,2025,5
41,Liar,Jelly Roll,52,39,17,2025-02-01,2025,5
42,Wildflower,Billie Eilish,49,17,32,2025-02-01,2025,5
43,Loco,Neton Vega,56,4,56,2025-02-01,2025,5
44,Perfumito Nuevo,Bad Bunny & RaiNao,31,31,3,2025-02-01,2025,5
45,Please Please Please,Sabrina Carpenter,47,1,31,2025-02-01,2025,5
46,Pink Pony Club,Chappell Roan,55,26,32,2025-02-01,2025,5
47,Wind Up Missin' You,Tucker Wetmore,44,31,43,2025-02-01,2025,5
48,I Never Lie,Zach Top,53,38,18,2025-02-01,2025,5
49,Indigo,Sam Barber Featuring Avery Anna,58,48,7,2025-02-01,2025,5
50,Kloufrens,Bad Bunny,40,40,3,2025-02-01,2025,5
51,I'm Gonna Love You,Cody Johnson & Carrie Underwood,60,40,17,2025-02-01,2025,5
52,4x4xU,Lainey Wilson,63,45,11,2025-02-01,2025,5
53,Ketu Tecre,Bad Bunny,38,38,3,2025-02-01,2025,5
54,Like Him,"Tyler, The Creator Featuring Lola Young",29,13,29,2025-02-01,2025,5
55,Que Pasaria...,Rauw Alejandro & Bad Bunny,57,34,10,2025-02-01,2025,5
56,Denial Is A River,Doechii,65,3,65,2025-02-01,2025,5
57,Bad Dreams,Teddy Swims,64,8,64,2025-02-01,2025,5
58,Cafe Con Ron,Bad Bunny & Los Pleneros de La Cresta,48,48,3,2025-02-01,2025,5
59,Bokete,Bad Bunny,42,42,3,2025-02-01,2025,5
60,Tu Boda,Oscar Maydon & Fuerza Regida,66,22,14,2025-02-01,2025,5
61,Turista,Bad Bunny,45,45,3,2025-02-01,2025,5
62,Good News,Shaboozey,67,47,9,2025-02-01,2025,5
63,Think I'm In Love With You,Chris Stapleton,68,49,38,2025-02-01,2025,5
64,I Ain't Sayin',Jordan Davis,70,61,5,2025-02-01,2025,5
65,Pitorro de Coco,Bad Bunny,50,50,4,2025-02-01,2025,5
66,La Mudanza,Bad Bunny,51,51,3,2025-02-01,2025,5
67,Guy For That,Post Malone Featuring Luke Combs,69,17,23,2025-02-01,2025,5
68,No Pole,Don Toliver,72,66,12,2025-02-01,2025,5
69,"Dum, Dumb, And Dumber","Lil Baby, Young Thug & Future",61,16,3,2025-02-01,2025,5
70,Am I Okay?,Megan Moroney,74,59,20,2025-02-01,2025,5
71,Diet Pepsi,Addison Rae,80,54,17,2025-02-01,2025,5
72,Heart Of A Woman,Summer Walker,77,57,13,2025-02-01,2025,5
73,Lo Que Le Paso A Hawaii,Bad Bunny,62,62,3,2025-02-01,2025,5
74,Are You Even Real,Teddy Swims & GIVEON,59,59,2,2025-02-01,2025,5
75,Help Me,Real Boston Richey,78,47,27,2025-02-01,2025,5
76,Rosones,Tito Double P,84,5,84,2025-02-01,2025,5
77,Funny Papers,Mac Miller,-,1,-,2025-02-01,2025,5
78,Nadie,Tito Double P,85,3,85,2025-02-01,2025,5
79,Peekaboo,Kendrick Lamar Featuring AzChike,13,9,13,2025-02-01,2025,5
80,Defying Gravity,Cynthia Erivo Featuring Ariana Grande,71,44,9,2025-02-01,2025,5
81,Dos Dias,Tito Double P & Peso Pluma,87,51,20,2025-02-01,2025,5
82,The Largest,BigXthaPlug,92,4,92,2025-02-01,2025,5
83,Burning Down,Alex Warren,90,69,8,2025-02-01,2025,5
84,The Days,CHRYSTAL,97,2,97,2025-02-01,2025,5
85,5 Dollar Pony Rides,Mac Miller,-,1,-,2025-02-01,2025,5
86,Khe?,Rauw Alejandro & Romeo Santos,60,7,60,2025-02-01,2025,5
87,It's Ok I'm Ok,Tate McRae,73,20,19,2025-02-01,2025,5
88,Push 2 Start,Tyla,-,1,-,2025-02-01,2025,5
89,Scorsese Baby Daddy,SZA,75,41,5,2025-02-01,2025,5
90,Hey Now,Kendrick Lamar Featuring Dody6,88,5,9,2025-02-01,2025,5
91,Boys Back Home,Dylan Marlowe & Dylan Scott,82,75,4,2025-02-01,2025,5
92,GBP,Central Cee Featuring 21 Savage,-,1,-,2025-02-01,2025,5
93,Forever Young,"David Guetta, Alphaville & Ava Max",99,2,99,2025-02-01,2025,5
94,Popular,Ariana Grande,81,53,9,2025-02-01,2025,5
95,DJ's Chord Organ,Mac Miller Featuring SZA,-,1,-,2025-02-01,2025,5
96,25,Rod Wave,95,16,14,2025-02-01,2025,5
97,Stoned,Mac Miller,-,1,-,2025-02-01,2025,5
98,Headlock,Imogen Heap,100,2,100,2025-02-01,2025,5
99,Stuff,Lil Baby Featuring Travis Scott,83,51,3,2025-02-01,2025,5
100,Wondering Why,The Red Clay Strays,-,71,19,2025-02-01,2025,5
1,4X4,Travis Scott,-,-,0,2025-02-08,2025,6
2,Die With A Smile,Lady Gaga & Bruno Mars,1,1,24,2025-02-08,2025,6
3,APT.,ROSE & Bruno Mars,15,15,0,2025-02-08,2025,6
4,Luther,Kendrick Lamar & SZA,5,3,10,2025-02-08,2025,6
5,A Bar Song (Tipsy),Shaboozey,4,1,42,2025-02-08,2025,6
6,Lose Control,Teddy Swims,7,1,76,2025-02-08,2025,6
7,Birds Of A Feather,Billie Eilish,6,2,37,2025-02-08,2025,6
8,DTMF,Bad Bunny,2,2,4,2025-02-08,2025,6
9,That's So True,Gracie Abrams,8,6,15,2025-02-08,2025,6
10,Love Somebody,Morgan Wallen,1,15,1,2025-02-08,2025,6
11,TV Off,Kendrick Lamar Featuring Lefty Gunplay,13,2,10,2025-02-08,2025,6
12,I Had Some Help,Post Malone Featuring Morgan Wallen,1,38,1,2025-02-08,2025,6
13,Espresso,Sabrina Carpenter,11,3,42,2025-02-08,2025,6
14,Messy,Lola Young,24,9,24,2025-02-08,2025,6
15,Beautiful Things,Benson Boone,16,2,53,2025-02-08,2025,6
16,Baile Inolvidable,Bad Bunny,9,3,4,2025-02-08,2025,6
17,Fat Juicy & Wet,Sexyy Red & Bruno Mars,-,1,-,2025-02-08,2025,6
18,Timeless,The Weeknd & Playboi Carti,17,3,17,2025-02-08,2025,6
19,Taste,Sabrina Carpenter,14,2,23,2025-02-08,2025,6
20,30 For 30,SZA With Kendrick Lamar,23,6,23,2025-02-08,2025,6
21,Sports Car,Tate McRae,-,1,-,2025-02-08,2025,6
22,Smile,Morgan Wallen,18,4,5,2025-02-08,2025,6
23,Squabble Up,Kendrick Lamar,21,1,10,2025-02-08,2025,6
24,Too Sweet,Hozier,20,1,44,2025-02-08,2025,6
25,Sticky,"Tyler, The Creator Featuring GloRilla, Sexyy Red & Lil Wayne",19,10,14,2025-02-08,2025,6
26,Stargazing,Myles Smith,22,19,37,2025-02-08,2025,6
27,Nuevayol,Bad Bunny,15,8,4,2025-02-08,2025,6
28,High Road,Koe Wetzel & Jessie Murph,22,34,22,2025-02-08,2025,6
29,Not Like Us,Kendrick Lamar,1,38,1,2025-02-08,2025,6
30,"Good Luck, Babe!",Chappell Roan,27,4,42,2025-02-08,2025,6
31,Who,Jimin,25,12,27,2025-02-08,2025,6
32,BMF,SZA,31,29,6,2025-02-08,2025,6
33,Whatchu Kno About Me,GloRilla & Sexyy Red,32,17,16,2025-02-08,2025,6
34,Sailor Song,Gigi Perez,33,22,24,2025-02-08,2025,6
35,Voy A Llevarte Pa PR,Bad Bunny,26,17,4,2025-02-08,2025,6
36,Bed Chem,Sabrina Carpenter,35,14,23,2025-02-08,2025,6
37,No One Noticed,The Marias,22,18,22,2025-02-08,2025,6
38,Liar,Jelly Roll,41,18,41,2025-02-08,2025,6
39,EOO,Bad Bunny,30,24,4,2025-02-08,2025,6
40,Residuals,Chris Brown,-,21,-,2025-02-08,2025,6
41,I Am Not Okay,Jelly Roll,40,14,32,2025-02-08,2025,6
42,Bad Dreams,Teddy Swims,57,9,57,2025-02-08,2025,6
43,Loco,Neton Vega,5,5,0,2025-02-08,2025,6
44,I Never Lie,Zach Top,48,38,19,2025-02-08,2025,6
45,Pink Pony Club,Chappell Roan,46,26,33,2025-02-08,2025,6
46,Wildflower,Billie Eilish,42,17,33,2025-02-08,2025,6
47,Velda,"Bad Bunny, Omar Courtz & Dei V",34,23,4,2025-02-08,2025,6
48,Tweaker,GELO,38,29,4,2025-02-08,2025,6
49,Please Please Please,Sabrina Carpenter,45,1,32,2025-02-08,2025,6
50,Indigo,Sam Barber Featuring Avery Anna,49,48,8,2025-02-08,2025,6
51,El Club,Bad Bunny,36,27,6,2025-02-08,2025,6
52,4x4xU,Lainey Wilson,45,12,45,2025-02-08,2025,6
53,I'm Gonna Love You,Cody Johnson & Carrie Underwood,51,40,18,2025-02-08,2025,6
54,Like Him,"Tyler, The Creator Featuring Lola Young",29,14,29,2025-02-08,2025,6
55,Denial Is A River,Doechii,56,4,56,2025-02-08,2025,6
56,Weltita,Bad Bunny & Chuwi,39,32,4,2025-02-08,2025,6
57,Good News,Shaboozey,62,47,10,2025-02-08,2025,6
58,Haunted,Kane Brown With Jelly Roll,-,1,-,2025-02-08,2025,6
59,I Ain't Sayin',Jordan Davis,64,6,64,2025-02-08,2025,6
60,Think I'm In Love With You,Chris Stapleton,63,49,39,2025-02-08,2025,6
61,Que Pasaria...,Rauw Alejandro & Bad Bunny,55,34,11,2025-02-08,2025,6
62,Perfumito Nuevo,Bad Bunny & RaiNao,44,31,4,2025-02-08,2025,6
63,Are You Even Real,Teddy Swims & GIVEON,74,59,3,2025-02-08,2025,6
64,Kloufrens,Bad Bunny,50,40,4,2025-02-08,2025,6
65,Tu Boda,Oscar Maydon & Fuerza Regida,60,22,15,2025-02-08,2025,6
66,Diet Pepsi,Addison Rae,71,54,18,2025-02-08,2025,6
67,Guy For That,Post Malone Featuring Luke Combs,17,24,17,2025-02-08,2025,6
68,Am I Okay?,Megan Moroney,70,59,21,2025-02-08,2025,6
69,Ketu Tecre,Bad Bunny,53,38,4,2025-02-08,2025,6
70,Heart Of A Woman,Summer Walker,72,57,14,2025-02-08,2025,6
71,The Largest,BigXthaPlug,82,5,82,2025-02-08,2025,6
72,No Pole,Don Toliver,68,66,13,2025-02-08,2025,6
73,Blue Jean Baby,Zach Bryan,-,1,-,2025-02-08,2025,6
74,It's Ok I'm Ok,Tate McRae,87,20,20,2025-02-08,2025,6
75,Help Me,Real Boston Richey,47,28,47,2025-02-08,2025,6
76,Peekaboo,Kendrick Lamar Featuring AzChike,79,13,10,2025-02-08,2025,6
77,"Dum, Dumb, And Dumber","Lil Baby, Young Thug & Future",69,16,4,2025-02-08,2025,6
78,Cafe Con Ron,Bad Bunny & Los Pleneros de La Cresta,58,48,4,2025-02-08,2025,6
79,Backseat Driver,Kane Brown,-,1,-,2025-02-08,2025,6
80,Bokete,Bad Bunny,59,42,4,2025-02-08,2025,6
81,GBP,Central Cee Featuring 21 Savage,92,2,92,2025-02-08,2025,6
82,Turista,Bad Bunny,61,45,4,2025-02-08,2025,6
83,The Days,CHRYSTAL,84,3,84,2025-02-08,2025,6
84,Burning Down,Alex Warren,83,69,9,2025-02-08,2025,6
85,Weren't For The Wind,Ella Langley,-,1,-,2025-02-08,2025,6
86,Nadie,Tito Double P,78,78,4,2025-02-08,2025,6
87,Rosones,Tito Double P,76,76,6,2025-02-08,2025,6
88,Hey Now,Kendrick Lamar Featuring Dody6,90,5,10,2025-02-08,2025,6
89,Push 2 Start,Tyla,88,88,2,2025-02-08,2025,6
90,Forever Young,"David Guetta, Alphaville & Ava Max",93,3,93,2025-02-08,2025,6
91,Headlock,Imogen Heap,98,3,98,2025-02-08,2025,6
92,La Mudanza,Bad Bunny,66,51,4,2025-02-08,2025,6
93,Holy Smokes,Bailey Zimmerman,-,54,8,2025-02-08,2025,6
94,Pitorro de Coco,Bad Bunny,65,50,5,2025-02-08,2025,6
95,Defying Gravity,Cynthia Erivo Featuring Ariana Grande,80,44,10,2025-02-08,2025,6
96,Khe?,Rauw Alejandro & Romeo Santos,86,60,8,2025-02-08,2025,6
97,Me Jalo,Fuerza Regida & Grupo Frontera,-,1,-,2025-02-08,2025,6
98,Wondering Why,The Red Clay Strays,100,71,20,2025-02-08,2025,6
99,Boys Back Home,Dylan Marlowe & Dylan Scott,91,75,5,2025-02-08,2025,6
100,Mutt,Leon Thomas,-,1,-,2025-02-08,2025,6
1,Die With A Smile,Lady Gaga & Bruno Mars,2,25,2,2025-02-15,2025,7
2,I'm The Problem,Morgan Wallen,-,1,-,2025-02-15,2025,7
3,Luther,Kendrick Lamar & SZA,4,11,4,2025-02-15,2025,7
4,Birds Of A Feather,Billie Eilish,7,2,38,2025-02-15,2025,7
5,A Bar Song (Tipsy),Shaboozey,1,43,1,2025-02-15,2025,7
6,APT.,ROSE & Bruno Mars,3,3,16,2025-02-15,2025,7
7,Timeless,The Weeknd & Playboi Carti,18,3,19,2025-02-15,2025,7
8,Lose Control,Teddy Swims,6,1,77,2025-02-15,2025,7
9,Beautiful Things,Benson Boone,15,2,54,2025-02-15,2025,7
10,TV Off,Kendrick Lamar Featuring Lefty Gunplay,11,2,11,2025-02-15,2025,7
11,Love Somebody,Morgan Wallen,10,1,16,2025-02-15,2025,7
12,Cry For Me,The Weeknd,-,1,-,2025-02-15,2025,7
13,That's So True,Gracie Abrams,9,6,16,2025-02-15,2025,7
14,Espresso,Sabrina Carpenter,13,3,43,2025-02-15,2025,7
15,Not Like Us,Kendrick Lamar,29,1,39,2025-02-15,2025,7
16,I Had Some Help,Post Malone Featuring Morgan Wallen,12,1,39,2025-02-15,2025,7
17,DTMF,Bad Bunny,8,2,5,2025-02-15,2025,7
18,Pink Pony Club,Chappell Roan,45,34,45,2025-02-15,2025,7
19,Messy,Lola Young,14,14,10,2025-02-15,2025,7
20,Squabble Up,Kendrick Lamar,23,1,11,2025-02-15,2025,7
21,Taste,Sabrina Carpenter,19,2,24,2025-02-15,2025,7
22,30 For 30,SZA With Kendrick Lamar,20,20,7,2025-02-15,2025,7
23,"Good Luck, Babe!",Chappell Roan,30,4,43,2025-02-15,2025,7
24,Too Sweet,Hozier,1,45,1,2025-02-15,2025,7
25,Stargazing,Myles Smith,26,19,38,2025-02-15,2025,7
26,Baile Inolvidable,Bad Bunny,16,3,5,2025-02-15,2025,7
27,Denial Is A River,Doechii,55,5,55,2025-02-15,2025,7
28,Sticky,"Tyler, The Creator Featuring GloRilla, Sexyy Red & Lil Wayne",25,10,15,2025-02-15,2025,7
29,Abracadabra,Lady Gaga,-,1,-,2025-02-15,2025,7
30,Smile,Morgan Wallen,22,4,6,2025-02-15,2025,7
31,High Road,Koe Wetzel & Jessie Murph,28,22,35,2025-02-15,2025,7
32,Wildflower,Billie Eilish,46,17,34,2025-02-15,2025,7
33,Sports Car,Tate McRae,21,21,2,2025-02-15,2025,7
34,Fat Juicy & Wet,Sexyy Red & Bruno Mars,17,17,2,2025-02-15,2025,7
35,Sailor Song,Gigi Perez,34,22,25,2025-02-15,2025,7
36,Who,Jimin,31,12,28,2025-02-15,2025,7
37,Nuevayol,Bad Bunny,27,8,5,2025-02-15,2025,7
38,Bed Chem,Sabrina Carpenter,36,14,24,2025-02-15,2025,7
39,Whatchu Kno About Me,GloRilla & Sexyy Red,33,17,17,2025-02-15,2025,7
40,No One Noticed,The Marias,37,22,19,2025-02-15,2025,7
41,Again,Fetty Wap,-,33,27,2025-02-15,2025,7
42,BMF,SZA,32,29,7,2025-02-15,2025,7
43,Sao Paulo,The Weeknd & Anitta,-,2,-,2025-02-15,2025,7
44,Liar,Jelly Roll,38,38,19,2025-02-15,2025,7
45,Wake Me Up,The Weeknd & Justice,-,1,-,2025-02-15,2025,7
46,Baptized In Fear,The Weeknd,-,1,-,2025-02-15,2025,7
47,Please Please Please,Sabrina Carpenter,49,1,33,2025-02-15,2025,7
48,Open Hearts,The Weeknd,-,1,-,2025-02-15,2025,7
49,Loco,Neton Vega,43,43,6,2025-02-15,2025,7
50,I Never Lie,Zach Top,44,38,20,2025-02-15,2025,7
51,Tweaker,GELO,48,29,5,2025-02-15,2025,7
52,Residuals,Chris Brown,40,40,22,2025-02-15,2025,7
53,Reflections Laughing,"The Weeknd, Travis Scott & Florence + The Machine",-,1,-,2025-02-15,2025,7
54,4x4xU,Lainey Wilson,52,45,13,2025-02-15,2025,7
55,Voy A Llevarte Pa PR,Bad Bunny,35,17,5,2025-02-15,2025,7
56,Indigo,Sam Barber Featuring Avery Anna,50,48,9,2025-02-15,2025,7
57,4X4,Travis Scott,1,1,2,2025-02-15,2025,7
58,I'm Gonna Love You,Cody Johnson & Carrie Underwood,53,40,19,2025-02-15,2025,7
59,EOO,Bad Bunny,39,24,5,2025-02-15,2025,7
60,Enjoy The Show,The Weeknd & Future,-,1,-,2025-02-15,2025,7
61,Bad Dreams,Teddy Swims,42,42,10,2025-02-15,2025,7
62,Like Him,"Tyler, The Creator Featuring Lola Young",54,29,15,2025-02-15,2025,7
63,Good News,Shaboozey,57,47,11,2025-02-15,2025,7
64,Think I'm In Love With You,Chris Stapleton,60,49,40,2025-02-15,2025,7
65,Niagara Falls,The Weeknd,-,1,-,2025-02-15,2025,7
66,I Ain't Sayin',Jordan Davis,59,59,7,2025-02-15,2025,7
67,Velda,"Bad Bunny, Omar Courtz & Dei V",47,23,5,2025-02-15,2025,7
68,The Abyss,The Weeknd & Lana Del Rey,-,1,-,2025-02-15,2025,7
69,Take Me Back To LA,The Weeknd,-,1,-,2025-02-15,2025,7
70,El Club,Bad Bunny,51,27,7,2025-02-15,2025,7
71,Given Up On Me,The Weeknd,-,1,-,2025-02-15,2025,7
72,Am I Okay?,Megan Moroney,68,59,22,2025-02-15,2025,7
73,Guy For That,Post Malone Featuring Luke Combs,67,17,25,2025-02-15,2025,7
74,Opening Night,The Weeknd,-,1,-,2025-02-15,2025,7
75,Diet Pepsi,Addison Rae,66,54,19,2025-02-15,2025,7
76,Que Pasaria...,Rauw Alejandro & Bad Bunny,61,34,12,2025-02-15,2025,7
77,Tu Boda,Oscar Maydon & Fuerza Regida,65,22,16,2025-02-15,2025,7
78,Are You Even Real,Teddy Swims & GIVEON,63,59,4,2025-02-15,2025,7
79,Heart Of A Woman,Summer Walker,70,57,15,2025-02-15,2025,7
80,Blue Jean Baby,Zach Bryan,73,73,2,2025-02-15,2025,7
81,Peekaboo,Kendrick Lamar Featuring AzChike,76,13,11,2025-02-15,2025,7
82,I Can't Wait To Get There,The Weeknd,-,1,-,2025-02-15,2025,7
83,The Largest,BigXthaPlug,71,71,6,2025-02-15,2025,7
84,7 Dias,Gabito Ballesteros & Tito Double P,-,1,-,2025-02-15,2025,7
85,Haunted,Kane Brown With Jelly Roll,58,58,2,2025-02-15,2025,7
86,No Pole,Don Toliver,72,66,14,2025-02-15,2025,7
87,Weltita,Bad Bunny & Chuwi,56,32,5,2025-02-15,2025,7
88,Weren't For The Wind,Ella Langley,85,85,2,2025-02-15,2025,7
89,Help Me,Real Boston Richey,75,47,29,2025-02-15,2025,7
90,Headlock,Imogen Heap,91,4,91,2025-02-15,2025,7
91,Hey Now,Kendrick Lamar Featuring Dody6,88,5,11,2025-02-15,2025,7
92,Nissan Altima,Doechii,-,1,-,2025-02-15,2025,7
93,Kloufrens,Bad Bunny,64,40,5,2025-02-15,2025,7
94,Perfumito Nuevo,Bad Bunny & RaiNao,62,31,5,2025-02-15,2025,7
95,The Days,CHRYSTAL,83,83,4,2025-02-15,2025,7
96,Love Hangover,JENNIE & Dominic Fike,-,1,-,2025-02-15,2025,7
97,Rosones,Tito Double P,87,76,7,2025-02-15,2025,7
98,Nadie,Tito Double P,86,78,5,2025-02-15,2025,7
99,Forever Young,"David Guetta, Alphaville & Ava Max",90,90,4,2025-02-15,2025,7
100,Worst Way,Riley Green,-,91,4,2025-02-15,2025,7
1,Not Like Us,Kendrick Lamar,15,40,15,2025-02-22,2025,8
2,Luther,Kendrick Lamar & SZA,3,12,3,2025-02-22,2025,8
3,TV Off,Kendrick Lamar Featuring Lefty Gunplay,10,2,12,2025-02-22,2025,8
4,Die With A Smile,Lady Gaga & Bruno Mars,1,1,26,2025-02-22,2025,8
5,Squabble Up,Kendrick Lamar,20,1,12,2025-02-22,2025,8
6,Birds Of A Feather,Billie Eilish,4,2,39,2025-02-22,2025,8
7,APT.,ROSE & Bruno Mars,6,3,17,2025-02-22,2025,8
8,A Bar Song (Tipsy),Shaboozey,5,1,44,2025-02-22,2025,8
9,Pink Pony Club,Chappell Roan,18,35,18,2025-02-22,2025,8
10,30 For 30,SZA With Kendrick Lamar,22,8,22,2025-02-22,2025,8
11,Beautiful Things,Benson Boone,9,2,55,2025-02-22,2025,8
12,Lose Control,Teddy Swims,8,1,78,2025-02-22,2025,8
13,Abracadabra,Lady Gaga,29,2,29,2025-02-22,2025,8
14,All The Stars,Kendrick Lamar & SZA,-,7,22,2025-02-22,2025,8
15,That's So True,Gracie Abrams,13,6,17,2025-02-22,2025,8
16,Timeless,The Weeknd & Playboi Carti,7,3,20,2025-02-22,2025,8
17,Love Somebody,Morgan Wallen,11,1,11,2025-02-22,2025,8
18,Espresso,Sabrina Carpenter,14,3,44,2025-02-22,2025,8
19,I'm The Problem,Morgan Wallen,2,2,2,2025-02-22,2025,8
20,I Had Some Help,Post Malone Featuring Morgan Wallen,16,1,40,2025-02-22,2025,8
21,Denial Is A River,Doechii,27,6,27,2025-02-22,2025,8
22,Messy,Lola Young,19,14,11,2025-02-22,2025,8
23,"Good Luck, Babe!",Chappell Roan,4,44,4,2025-02-22,2025,8
24,Taste,Sabrina Carpenter,21,2,25,2025-02-22,2025,8
25,DTMF,Bad Bunny,17,2,6,2025-02-22,2025,8
26,Too Sweet,Hozier,24,1,46,2025-02-22,2025,8
27,Cry For Me,The Weeknd,12,12,2,2025-02-22,2025,8
28,Peekaboo,Kendrick Lamar Featuring AzChike,81,13,12,2025-02-22,2025,8
29,Wildflower,Billie Eilish,32,17,35,2025-02-22,2025,8
30,Stargazing,Myles Smith,25,19,39,2025-02-22,2025,8
31,Tweaker,GELO,51,29,6,2025-02-22,2025,8
32,Sticky,"Tyler, The Creator Featuring GloRilla, Sexyy Red & Lil Wayne",28,10,16,2025-02-22,2025,8
33,Humble.,Kendrick Lamar,-,1,38,2025-02-22,2025,8
34,BMF,SZA,42,29,8,2025-02-22,2025,8
35,High Road,Koe Wetzel & Jessie Murph,31,22,36,2025-02-22,2025,8
36,Baile Inolvidable,Bad Bunny,26,3,6,2025-02-22,2025,8
37,Sailor Song,Gigi Perez,35,22,26,2025-02-22,2025,8
38,Smile,Morgan Wallen,30,4,7,2025-02-22,2025,8
39,Bed Chem,Sabrina Carpenter,38,14,25,2025-02-22,2025,8
40,Who,Jimin,36,12,29,2025-02-22,2025,8
41,Sports Car,Tate McRae,33,21,3,2025-02-22,2025,8
42,Liar,Jelly Roll,44,38,20,2025-02-22,2025,8
43,No One Noticed,The Marias,40,22,20,2025-02-22,2025,8
44,Whatchu Kno About Me,GloRilla & Sexyy Red,39,17,18,2025-02-22,2025,8
45,Like That,"Future, Metro Boomin & Kendrick Lamar",-,1,32,2025-02-22,2025,8
46,Fat Juicy & Wet,Sexyy Red & Bruno Mars,34,17,3,2025-02-22,2025,8
47,Please Please Please,Sabrina Carpenter,1,34,1,2025-02-22,2025,8
48,Nuevayol,Bad Bunny,37,8,6,2025-02-22,2025,8
49,I Never Lie,Zach Top,50,38,21,2025-02-22,2025,8
50,4x4xU,Lainey Wilson,54,45,14,2025-02-22,2025,8
51,I'm Gonna Love You,Cody Johnson & Carrie Underwood,58,40,20,2025-02-22,2025,8
52,Loco,Neton Vega,49,43,7,2025-02-22,2025,8
53,Indigo,Sam Barber Featuring Avery Anna,56,48,10,2025-02-22,2025,8
54,Residuals,Chris Brown,52,40,23,2025-02-22,2025,8
55,Twenties,Giveon,-,1,-,2025-02-22,2025,8
56,Hey Now,Kendrick Lamar Featuring Dody6,91,5,12,2025-02-22,2025,8
57,Good News,Shaboozey,63,47,12,2025-02-22,2025,8
58,Like Him,"Tyler, The Creator Featuring Lola Young",62,29,16,2025-02-22,2025,8
59,Bad Dreams,Teddy Swims,61,42,11,2025-02-22,2025,8
60,Voy A Llevarte Pa PR,Bad Bunny,55,17,6,2025-02-22,2025,8
61,Ordinary,Alex Warren,-,1,-,2025-02-22,2025,8
62,I Ain't Sayin',Jordan Davis,66,59,8,2025-02-22,2025,8
63,Hard Fought Hallelujah,Brandon Lake,-,51,2,2025-02-22,2025,8
64,4X4,Travis Scott,57,1,3,2025-02-22,2025,8
65,EOO,Bad Bunny,59,24,6,2025-02-22,2025,8
66,Am I Okay?,Megan Moroney,72,59,23,2025-02-22,2025,8
67,Guy For That,Post Malone Featuring Luke Combs,73,17,26,2025-02-22,2025,8
68,Born Again,LISA Featuring Doja Cat & RAYE,-,1,-,2025-02-22,2025,8
69,Que Pasaria...,Rauw Alejandro & Bad Bunny,76,34,13,2025-02-22,2025,8
70,Velda,"Bad Bunny, Omar Courtz & Dei V",67,23,6,2025-02-22,2025,8
71,Heart Of A Woman,Summer Walker,79,57,16,2025-02-22,2025,8
72,Diet Pepsi,Addison Rae,75,54,20,2025-02-22,2025,8
73,Nissan Altima,Doechii,92,2,92,2025-02-22,2025,8
74,Sao Paulo,The Weeknd & Anitta,43,43,3,2025-02-22,2025,8
75,Tu Boda,Oscar Maydon & Fuerza Regida,77,22,17,2025-02-22,2025,8
76,Burning Down,Alex Warren,-,69,10,2025-02-22,2025,8
77,Wacced Out Murals,Kendrick Lamar,-,4,7,2025-02-22,2025,8
78,The Largest,BigXthaPlug,83,71,7,2025-02-22,2025,8
79,No Pole,Don Toliver,86,66,15,2025-02-22,2025,8
80,Euphoria,Kendrick Lamar,-,3,17,2025-02-22,2025,8
81,Dodger Blue,"Kendrick Lamar Featuring Wallie the Sensei, Siete7x & Roddy Ricch",-,11,6,2025-02-22,2025,8
82,El Club,Bad Bunny,70,27,8,2025-02-22,2025,8
83,Headlock,Imogen Heap,90,5,90,2025-02-22,2025,8
84,Backseat Driver,Kane Brown,-,79,2,2025-02-22,2025,8
85,Are You Even Real,Teddy Swims & GIVEON,78,59,5,2025-02-22,2025,8
86,Baptized In Fear,The Weeknd,46,46,2,2025-02-22,2025,8
87,Worst Way,Riley Green,100,5,100,2025-02-22,2025,8
88,Guess,Charli xcx Featuring Billie Eilish,-,12,13,2025-02-22,2025,8
89,Khe?,Rauw Alejandro & Romeo Santos,-,60,9,2025-02-22,2025,8
90,Mutt,Leon Thomas,-,2,-,2025-02-22,2025,8
91,Nadie,Tito Double P,98,78,6,2025-02-22,2025,8
92,Forever Young,"David Guetta, Alphaville & Ava Max",99,90,5,2025-02-22,2025,8
93,The Greatest,Billie Eilish,-,24,5,2025-02-22,2025,8
94,Open Hearts,The Weeknd,48,48,2,2025-02-22,2025,8
95,Haunted,Kane Brown With Jelly Roll,85,58,3,2025-02-22,2025,8
96,Push 2 Start,Tyla,-,88,3,2025-02-22,2025,8
97,Rosones,Tito Double P,76,8,76,2025-02-22,2025,8
98,Weren't For The Wind,Ella Langley,88,85,3,2025-02-22,2025,8
99,The Days,CHRYSTAL,95,83,5,2025-02-22,2025,8
100,Weltita,Bad Bunny & Chuwi,87,32,6,2025-02-22,2025,8
1,Luther,Kendrick Lamar & SZA,2,13,2,2025-03-01,2025,9
2,Not Like Us,Kendrick Lamar,1,1,41,2025-03-01,2025,9
3,Die With A Smile,Lady Gaga & Bruno Mars,4,1,27,2025-03-01,2025,9
4,TV Off,Kendrick Lamar Featuring Lefty Gunplay,3,2,13,2025-03-01,2025,9
5,Squabble Up,Kendrick Lamar,1,13,1,2025-03-01,2025,9
6,Gimme A Hug,Drake,-,1,-,2025-03-01,2025,9
7,APT.,ROSE & Bruno Mars,3,18,3,2025-03-01,2025,9
8,Birds Of A Feather,Billie Eilish,6,2,40,2025-03-01,2025,9
9,A Bar Song (Tipsy),Shaboozey,8,1,45,2025-03-01,2025,9
10,Nokia,Drake,-,1,-,2025-03-01,2025,9
11,Pink Pony Club,Chappell Roan,9,9,36,2025-03-01,2025,9
12,Lose Control,Teddy Swims,1,79,1,2025-03-01,2025,9
13,Beautiful Things,Benson Boone,11,2,56,2025-03-01,2025,9
14,30 For 30,SZA With Kendrick Lamar,10,10,9,2025-03-01,2025,9
15,All The Stars,Kendrick Lamar & SZA,14,7,23,2025-03-01,2025,9
16,That's So True,Gracie Abrams,15,6,18,2025-03-01,2025,9
17,Espresso,Sabrina Carpenter,18,3,45,2025-03-01,2025,9
18,CN Tower,PARTYNEXTDOOR & Drake,-,1,-,2025-03-01,2025,9
19,Love Somebody,Morgan Wallen,17,1,18,2025-03-01,2025,9
20,I Had Some Help,Post Malone Featuring Morgan Wallen,1,41,1,2025-03-01,2025,9
21,Die Trying,"PARTYNEXTDOOR, Drake & Yebba",-,1,-,2025-03-01,2025,9
22,Taste,Sabrina Carpenter,24,2,26,2025-03-01,2025,9
23,I'm The Problem,Morgan Wallen,19,2,3,2025-03-01,2025,9
24,Timeless,The Weeknd & Playboi Carti,16,3,21,2025-03-01,2025,9
25,Please Please Please,Sabrina Carpenter,47,1,35,2025-03-01,2025,9
26,Something About You,PARTYNEXTDOOR & Drake,-,1,-,2025-03-01,2025,9
27,Busy Woman,Sabrina Carpenter,-,1,-,2025-03-01,2025,9
28,Messy,Lola Young,22,14,12,2025-03-01,2025,9
29,Moth Balls,PARTYNEXTDOOR & Drake,-,1,-,2025-03-01,2025,9
30,Somebody Loves Me,PARTYNEXTDOOR & Drake,-,1,-,2025-03-01,2025,9
31,Deeper,PARTYNEXTDOOR,-,1,-,2025-03-01,2025,9
32,Denial Is A River,Doechii,21,21,7,2025-03-01,2025,9
33,Abracadabra,Lady Gaga,13,13,3,2025-03-01,2025,9
34,Too Sweet,Hozier,26,1,47,2025-03-01,2025,9
35,Spider-Man Superman,PARTYNEXTDOOR & Drake,-,1,-,2025-03-01,2025,9
36,"Good Luck, Babe!",Chappell Roan,23,4,45,2025-03-01,2025,9
37,Crying In Chanel,Drake,-,1,-,2025-03-01,2025,9
38,Peekaboo,Kendrick Lamar Featuring AzChike,28,13,13,2025-03-01,2025,9
39,Bed Chem,Sabrina Carpenter,14,26,14,2025-03-01,2025,9
40,Small Town Fame,Drake,-,1,-,2025-03-01,2025,9
41,Stargazing,Myles Smith,30,19,40,2025-03-01,2025,9
42,DTMF,Bad Bunny,25,2,7,2025-03-01,2025,9
43,Raining In Houston,Drake,-,1,-,2025-03-01,2025,9
44,Who,Jimin,40,12,30,2025-03-01,2025,9
45,Pimmie's Dilemma,"Pimmie, PARTYNEXTDOOR & Drake",-,1,-,2025-03-01,2025,9
46,High Road,Koe Wetzel & Jessie Murph,35,22,37,2025-03-01,2025,9
47,Brian Steel,Drake,-,1,-,2025-03-01,2025,9
48,Wildflower,Billie Eilish,29,17,36,2025-03-01,2025,9
49,BMF,SZA,34,29,9,2025-03-01,2025,9
50,Baile Inolvidable,Bad Bunny,36,3,7,2025-03-01,2025,9
51,Liar,Jelly Roll,42,38,21,2025-03-01,2025,9
52,Sticky,"Tyler, The Creator Featuring GloRilla, Sexyy Red & Lil Wayne",32,10,17,2025-03-01,2025,9
53,Sailor Song,Gigi Perez,37,22,27,2025-03-01,2025,9
54,Cry For Me,The Weeknd,27,12,3,2025-03-01,2025,9
55,No One Noticed,The Marias,43,22,21,2025-03-01,2025,9
56,Whatchu Kno About Me,GloRilla & Sexyy Red,44,17,19,2025-03-01,2025,9
57,Sports Car,Tate McRae,41,21,4,2025-03-01,2025,9
58,Smile,Morgan Wallen,38,4,8,2025-03-01,2025,9
59,Tweaker,GELO,31,29,7,2025-03-01,2025,9
60,Lasers,PARTYNEXTDOOR & Drake,-,1,-,2025-03-01,2025,9
61,I Never Lie,Zach Top,49,38,22,2025-03-01,2025,9
62,I'm Gonna Love You,Cody Johnson & Carrie Underwood,51,40,21,2025-03-01,2025,9
63,Meet Your Padre,"PARTYNEXTDOOR, Drake & Chino Pacas",-,1,-,2025-03-01,2025,9
64,Residuals,Chris Brown,54,40,24,2025-03-01,2025,9
65,Indigo,Sam Barber Featuring Avery Anna,53,48,11,2025-03-01,2025,9
66,Celibacy,PARTYNEXTDOOR & Drake,-,1,-,2025-03-01,2025,9
67,15 Minutes,Sabrina Carpenter,-,1,-,2025-03-01,2025,9
68,4x4xU,Lainey Wilson,50,45,15,2025-03-01,2025,9
69,Bad Dreams,Teddy Swims,59,42,12,2025-03-01,2025,9
70,Greedy,PARTYNEXTDOOR & Drake,-,1,-,2025-03-01,2025,9
71,Fat Juicy & Wet,Sexyy Red & Bruno Mars,46,17,4,2025-03-01,2025,9
72,Nuevayol,Bad Bunny,48,8,7,2025-03-01,2025,9
73,When He's Gone,PARTYNEXTDOOR & Drake,-,1,-,2025-03-01,2025,9
74,OMW,PARTYNEXTDOOR & Drake,-,1,-,2025-03-01,2025,9
75,Good News,Shaboozey,57,47,13,2025-03-01,2025,9
76,Like Him,"Tyler, The Creator Featuring Lola Young",58,29,17,2025-03-01,2025,9
77,Loco,Neton Vega,52,43,8,2025-03-01,2025,9
78,Worst Way,Riley Green,87,6,87,2025-03-01,2025,9
79,I Ain't Sayin',Jordan Davis,62,59,9,2025-03-01,2025,9
80,Ordinary,Alex Warren,61,61,2,2025-03-01,2025,9
81,Hey Now,Kendrick Lamar Featuring Dody6,56,5,13,2025-03-01,2025,9
82,Guy For That,Post Malone Featuring Luke Combs,67,17,27,2025-03-01,2025,9
83,Glorious,PARTYNEXTDOOR & Drake,-,1,-,2025-03-01,2025,9
84,Couldn't Make It Any Harder,Sabrina Carpenter,-,1,-,2025-03-01,2025,9
85,Por Esos Ojos,Fuerza Regida,-,1,-,2025-03-01,2025,9
86,Voy A Llevarte Pa PR,Bad Bunny,60,17,7,2025-03-01,2025,9
87,Bad Reviews,Sabrina Carpenter,-,1,-,2025-03-01,2025,9
88,Am I Okay?,Megan Moroney,66,59,24,2025-03-01,2025,9
89,Heart Of A Woman,Summer Walker,71,57,17,2025-03-01,2025,9
90,Twenties,Giveon,55,55,2,2025-03-01,2025,9
91,EOO,Bad Bunny,65,24,7,2025-03-01,2025,9
92,Push 2 Start,Tyla,96,88,4,2025-03-01,2025,9
93,Que Pasaria...,Rauw Alejandro & Bad Bunny,69,34,14,2025-03-01,2025,9
94,The Largest,BigXthaPlug,78,71,8,2025-03-01,2025,9
95,Tu Boda,Oscar Maydon & Fuerza Regida,75,22,18,2025-03-01,2025,9
96,4X4,Travis Scott,64,1,4,2025-03-01,2025,9
97,Mutt,Leon Thomas,90,90,3,2025-03-01,2025,9
98,No Pole,Don Toliver,79,66,16,2025-03-01,2025,9
99,Velda,"Bad Bunny, Omar Courtz & Dei V",70,23,7,2025-03-01,2025,9
100,Juno,Sabrina Carpenter,-,22,17,2025-03-01,2025,9
